time-date,ecg
09:30:00.000 31/01/2003, -0.006
09:30:00.008 31/01/2003, -0.012
09:30:00.016 31/01/2003,  0.006
09:30:00.023 31/01/2003,  0.000
09:30:00.031 31/01/2003, -0.012
09:30:00.039 31/01/2003,  0.000
09:30:00.047 31/01/2003, -0.012
09:30:00.055 31/01/2003, -0.012
09:30:00.063 31/01/2003,  0.000
09:30:00.070 31/01/2003, -0.024
09:30:00.078 31/01/2003, -0.006
09:30:00.086 31/01/2003,  0.018
09:30:00.094 31/01/2003, -0.012
09:30:00.102 31/01/2003,  0.000
09:30:00.109 31/01/2003, -0.006
09:30:00.117 31/01/2003, -0.012
09:30:00.125 31/01/2003, -0.006
09:30:00.133 31/01/2003, -0.012
09:30:00.141 31/01/2003, -0.018
09:30:00.148 31/01/2003,  0.012
09:30:00.156 31/01/2003,  0.000
09:30:00.164 31/01/2003, -0.012
09:30:00.172 31/01/2003,  0.000
09:30:00.180 31/01/2003, -0.012
09:30:00.188 31/01/2003, -0.006
09:30:00.195 31/01/2003, -0.006
09:30:00.203 31/01/2003, -0.030
09:30:00.211 31/01/2003,  0.000
09:30:00.219 31/01/2003,  0.000
09:30:00.227 31/01/2003,  0.000
09:30:00.234 31/01/2003, -0.006
09:30:00.242 31/01/2003, -0.012
09:30:00.250 31/01/2003, -0.012
09:30:00.258 31/01/2003, -0.006
09:30:00.266 31/01/2003, -0.018
09:30:00.273 31/01/2003, -0.012
09:30:00.281 31/01/2003,  0.000
09:30:00.289 31/01/2003,  0.000
09:30:00.297 31/01/2003, -0.006
09:30:00.305 31/01/2003, -0.012
09:30:00.313 31/01/2003, -0.006
09:30:00.320 31/01/2003, -0.006
09:30:00.328 31/01/2003, -0.018
09:30:00.336 31/01/2003, -0.018
09:30:00.344 31/01/2003, -0.006
09:30:00.352 31/01/2003,  0.000
09:30:00.359 31/01/2003, -0.006
09:30:00.367 31/01/2003, -0.012
09:30:00.375 31/01/2003, -0.006
09:30:00.383 31/01/2003, -0.012
09:30:00.391 31/01/2003, -0.012
09:30:00.398 31/01/2003, -0.018
09:30:00.406 31/01/2003, -0.018
09:30:00.414 31/01/2003, -0.006
09:30:00.422 31/01/2003,  0.006
09:30:00.430 31/01/2003, -0.012
09:30:00.438 31/01/2003, -0.006
09:30:00.445 31/01/2003, -0.012
09:30:00.453 31/01/2003, -0.018
09:30:00.461 31/01/2003, -0.018
09:30:00.469 31/01/2003, -0.018
09:30:00.477 31/01/2003, -0.018
09:30:00.484 31/01/2003,  0.006
09:30:00.492 31/01/2003,  0.000
09:30:00.500 31/01/2003, -0.018
09:30:00.508 31/01/2003, -0.006
09:30:00.516 31/01/2003, -0.012
09:30:00.523 31/01/2003, -0.018
09:30:00.531 31/01/2003, -0.012
09:30:00.539 31/01/2003, -0.024
09:30:00.547 31/01/2003, -0.006
09:30:00.555 31/01/2003,  0.000
09:30:00.563 31/01/2003, -0.024
09:30:00.570 31/01/2003, -0.006
09:30:00.578 31/01/2003, -0.012
09:30:00.586 31/01/2003, -0.018
09:30:00.594 31/01/2003, -0.018
09:30:00.602 31/01/2003, -0.024
09:30:00.609 31/01/2003, -0.018
09:30:00.617 31/01/2003,  0.012
09:30:00.625 31/01/2003, -0.018
09:30:00.633 31/01/2003, -0.018
09:30:00.641 31/01/2003, -0.012
09:30:00.648 31/01/2003, -0.018
09:30:00.656 31/01/2003, -0.018
09:30:00.664 31/01/2003, -0.012
09:30:00.672 31/01/2003, -0.030
09:30:00.680 31/01/2003,  0.000
09:30:00.688 31/01/2003, -0.006
09:30:00.695 31/01/2003, -0.018
09:30:00.703 31/01/2003, -0.012
09:30:00.711 31/01/2003, -0.018
09:30:00.719 31/01/2003, -0.024
09:30:00.727 31/01/2003, -0.006
09:30:00.734 31/01/2003, -0.024
09:30:00.742 31/01/2003, -0.018
09:30:00.750 31/01/2003,  0.006
09:30:00.758 31/01/2003, -0.018
09:30:00.766 31/01/2003, -0.012
09:30:00.773 31/01/2003, -0.012
09:30:00.781 31/01/2003, -0.018
09:30:00.789 31/01/2003, -0.018
09:30:00.797 31/01/2003, -0.018
09:30:00.805 31/01/2003, -0.030
09:30:00.813 31/01/2003,  0.012
09:30:00.820 31/01/2003, -0.012
09:30:00.828 31/01/2003, -0.018
09:30:00.836 31/01/2003, -0.006
09:30:00.844 31/01/2003, -0.018
09:30:00.852 31/01/2003, -0.018
09:30:00.859 31/01/2003, -0.012
09:30:00.867 31/01/2003, -0.024
09:30:00.875 31/01/2003, -0.006
09:30:00.883 31/01/2003,  0.000
09:30:00.891 31/01/2003, -0.024
09:30:00.898 31/01/2003, -0.006
09:30:00.906 31/01/2003, -0.018
09:30:00.914 31/01/2003, -0.018
09:30:00.922 31/01/2003, -0.012
09:30:00.930 31/01/2003, -0.024
09:30:00.938 31/01/2003, -0.018
09:30:00.945 31/01/2003,  0.012
09:30:00.953 31/01/2003, -0.012
09:30:00.961 31/01/2003, -0.012
09:30:00.969 31/01/2003, -0.012
09:30:00.977 31/01/2003, -0.018
09:30:00.984 31/01/2003, -0.012
09:30:00.992 31/01/2003, -0.018
09:30:01.000 31/01/2003, -0.030
09:30:01.008 31/01/2003,  0.000
09:30:01.016 31/01/2003, -0.006
09:30:01.023 31/01/2003, -0.018
09:30:01.031 31/01/2003, -0.006
09:30:01.039 31/01/2003, -0.018
09:30:01.047 31/01/2003, -0.018
09:30:01.055 31/01/2003, -0.012
09:30:01.063 31/01/2003, -0.024
09:30:01.070 31/01/2003, -0.006
09:30:01.078 31/01/2003,  0.000
09:30:01.086 31/01/2003, -0.024
09:30:01.094 31/01/2003, -0.006
09:30:01.102 31/01/2003, -0.012
09:30:01.109 31/01/2003, -0.018
09:30:01.117 31/01/2003, -0.018
09:30:01.125 31/01/2003, -0.018
09:30:01.133 31/01/2003, -0.018
09:30:01.141 31/01/2003,  0.000
09:30:01.148 31/01/2003, -0.012
09:30:01.156 31/01/2003, -0.012
09:30:01.164 31/01/2003, -0.012
09:30:01.172 31/01/2003, -0.024
09:30:01.180 31/01/2003, -0.018
09:30:01.188 31/01/2003, -0.018
09:30:01.195 31/01/2003, -0.024
09:30:01.203 31/01/2003,  0.000
09:30:01.211 31/01/2003, -0.012
09:30:01.219 31/01/2003, -0.018
09:30:01.227 31/01/2003, -0.012
09:30:01.234 31/01/2003, -0.018
09:30:01.242 31/01/2003, -0.012
09:30:01.250 31/01/2003, -0.024
09:30:01.258 31/01/2003, -0.012
09:30:01.266 31/01/2003, -0.006
09:30:01.273 31/01/2003, -0.012
09:30:01.281 31/01/2003, -0.018
09:30:01.289 31/01/2003, -0.018
09:30:01.297 31/01/2003, -0.018
09:30:01.305 31/01/2003, -0.012
09:30:01.313 31/01/2003, -0.024
09:30:01.320 31/01/2003, -0.018
09:30:01.328 31/01/2003, -0.006
09:30:01.336 31/01/2003, -0.018
09:30:01.344 31/01/2003, -0.012
09:30:01.352 31/01/2003, -0.018
09:30:01.359 31/01/2003, -0.018
09:30:01.367 31/01/2003, -0.012
09:30:01.375 31/01/2003, -0.024
09:30:01.383 31/01/2003, -0.030
09:30:01.391 31/01/2003,  0.006
09:30:01.398 31/01/2003, -0.018
09:30:01.406 31/01/2003, -0.018
09:30:01.414 31/01/2003, -0.012
09:30:01.422 31/01/2003, -0.024
09:30:01.430 31/01/2003, -0.018
09:30:01.438 31/01/2003, -0.012
09:30:01.445 31/01/2003, -0.030
09:30:01.453 31/01/2003,  0.000
09:30:01.461 31/01/2003, -0.012
09:30:01.469 31/01/2003, -0.018
09:30:01.477 31/01/2003, -0.012
09:30:01.484 31/01/2003, -0.012
09:30:01.492 31/01/2003, -0.024
09:30:01.500 31/01/2003, -0.018
09:30:01.508 31/01/2003, -0.018
09:30:01.516 31/01/2003, -0.012
09:30:01.523 31/01/2003, -0.012
09:30:01.531 31/01/2003, -0.012
09:30:01.539 31/01/2003, -0.018
09:30:01.547 31/01/2003, -0.018
09:30:01.555 31/01/2003, -0.018
09:30:01.563 31/01/2003, -0.030
09:30:01.570 31/01/2003, -0.018
09:30:01.578 31/01/2003, -0.012
09:30:01.586 31/01/2003, -0.018
09:30:01.594 31/01/2003, -0.012
09:30:01.602 31/01/2003, -0.012
09:30:01.609 31/01/2003, -0.024
09:30:01.617 31/01/2003, -0.012
09:30:01.625 31/01/2003, -0.018
09:30:01.633 31/01/2003, -0.030
09:30:01.641 31/01/2003,  0.006
09:30:01.648 31/01/2003, -0.018
09:30:01.656 31/01/2003, -0.018
09:30:01.664 31/01/2003, -0.012
09:30:01.672 31/01/2003, -0.024
09:30:01.680 31/01/2003, -0.018
09:30:01.688 31/01/2003, -0.012
09:30:01.695 31/01/2003, -0.024
09:30:01.703 31/01/2003, -0.006
09:30:01.711 31/01/2003, -0.006
09:30:01.719 31/01/2003, -0.018
09:30:01.727 31/01/2003, -0.018
09:30:01.734 31/01/2003, -0.018
09:30:01.742 31/01/2003, -0.012
09:30:01.750 31/01/2003, -0.024
09:30:01.758 31/01/2003, -0.012
09:30:01.766 31/01/2003, -0.006
09:30:01.773 31/01/2003, -0.018
09:30:01.781 31/01/2003, -0.006
09:30:01.789 31/01/2003, -0.018
09:30:01.797 31/01/2003, -0.024
09:30:01.805 31/01/2003, -0.006
09:30:01.813 31/01/2003, -0.030
09:30:01.820 31/01/2003, -0.012
09:30:01.828 31/01/2003,  0.000
09:30:01.836 31/01/2003, -0.018
09:30:01.844 31/01/2003, -0.012
09:30:01.852 31/01/2003, -0.012
09:30:01.859 31/01/2003, -0.018
09:30:01.867 31/01/2003, -0.018
09:30:01.875 31/01/2003, -0.018
09:30:01.883 31/01/2003, -0.012
09:30:01.891 31/01/2003, -0.006
09:30:01.898 31/01/2003, -0.012
09:30:01.906 31/01/2003, -0.018
09:30:01.914 31/01/2003, -0.018
09:30:01.922 31/01/2003, -0.012
09:30:01.930 31/01/2003, -0.024
09:30:01.938 31/01/2003, -0.030
09:30:01.945 31/01/2003,  0.000
09:30:01.953 31/01/2003, -0.018
09:30:01.961 31/01/2003, -0.018
09:30:01.969 31/01/2003, -0.012
09:30:01.977 31/01/2003, -0.012
09:30:01.984 31/01/2003, -0.024
09:30:01.992 31/01/2003, -0.018
09:30:02.000 31/01/2003, -0.024
09:30:02.008 31/01/2003, -0.006
09:30:02.016 31/01/2003, -0.012
09:30:02.023 31/01/2003, -0.012
09:30:02.031 31/01/2003, -0.024
09:30:02.039 31/01/2003, -0.012
09:30:02.047 31/01/2003, -0.018
09:30:02.055 31/01/2003, -0.030
09:30:02.063 31/01/2003, -0.006
09:30:02.070 31/01/2003, -0.018
09:30:02.078 31/01/2003, -0.018
09:30:02.086 31/01/2003, -0.012
09:30:02.094 31/01/2003, -0.018
09:30:02.102 31/01/2003, -0.018
09:30:02.109 31/01/2003, -0.018
09:30:02.117 31/01/2003, -0.024
09:30:02.125 31/01/2003, -0.012
09:30:02.133 31/01/2003, -0.006
09:30:02.141 31/01/2003, -0.018
09:30:02.148 31/01/2003, -0.018
09:30:02.156 31/01/2003, -0.018
09:30:02.164 31/01/2003, -0.012
09:30:02.172 31/01/2003, -0.024
09:30:02.180 31/01/2003, -0.024
09:30:02.188 31/01/2003,  0.006
09:30:02.195 31/01/2003, -0.018
09:30:02.203 31/01/2003, -0.012
09:30:02.211 31/01/2003, -0.012
09:30:02.219 31/01/2003, -0.018
09:30:02.227 31/01/2003, -0.018
09:30:02.234 31/01/2003, -0.018
09:30:02.242 31/01/2003, -0.012
09:30:02.250 31/01/2003, -0.006
09:30:02.258 31/01/2003, -0.006
09:30:02.266 31/01/2003, -0.012
09:30:02.273 31/01/2003, -0.018
09:30:02.281 31/01/2003, -0.012
09:30:02.289 31/01/2003, -0.018
09:30:02.297 31/01/2003, -0.030
09:30:02.305 31/01/2003,  0.012
09:30:02.313 31/01/2003, -0.012
09:30:02.320 31/01/2003, -0.018
09:30:02.328 31/01/2003, -0.006
09:30:02.336 31/01/2003, -0.018
09:30:02.344 31/01/2003, -0.018
09:30:02.352 31/01/2003, -0.024
09:30:02.359 31/01/2003,  0.000
09:30:02.367 31/01/2003, -0.012
09:30:02.375 31/01/2003, -0.006
09:30:02.383 31/01/2003,  0.000
09:30:02.391 31/01/2003, -0.024
09:30:02.398 31/01/2003, -0.018
09:30:02.406 31/01/2003, -0.012
09:30:02.414 31/01/2003, -0.024
09:30:02.422 31/01/2003,  0.000
09:30:02.430 31/01/2003, -0.006
09:30:02.438 31/01/2003, -0.006
09:30:02.445 31/01/2003, -0.018
09:30:02.453 31/01/2003, -0.012
09:30:02.461 31/01/2003, -0.006
09:30:02.469 31/01/2003, -0.030
09:30:02.477 31/01/2003,  0.006
09:30:02.484 31/01/2003,  0.000
09:30:02.492 31/01/2003, -0.018
09:30:02.500 31/01/2003, -0.006
09:30:02.508 31/01/2003, -0.012
09:30:02.516 31/01/2003, -0.018
09:30:02.523 31/01/2003, -0.018
09:30:02.531 31/01/2003, -0.006
09:30:02.539 31/01/2003, -0.006
09:30:02.547 31/01/2003, -0.012
09:30:02.555 31/01/2003,  0.006
09:30:02.563 31/01/2003, -0.012
09:30:02.570 31/01/2003, -0.018
09:30:02.578 31/01/2003, -0.012
09:30:02.586 31/01/2003, -0.018
09:30:02.594 31/01/2003, -0.006
09:30:02.602 31/01/2003,  0.000
09:30:02.609 31/01/2003, -0.006
09:30:02.617 31/01/2003, -0.012
09:30:02.625 31/01/2003, -0.012
09:30:02.633 31/01/2003, -0.006
09:30:02.641 31/01/2003, -0.030
09:30:02.648 31/01/2003, -0.006
09:30:02.656 31/01/2003,  0.006
09:30:02.664 31/01/2003, -0.012
09:30:02.672 31/01/2003, -0.012
09:30:02.680 31/01/2003, -0.012
09:30:02.688 31/01/2003, -0.006
09:30:02.695 31/01/2003, -0.030
09:30:02.703 31/01/2003, -0.006
09:30:02.711 31/01/2003,  0.006
09:30:02.719 31/01/2003, -0.018
09:30:02.727 31/01/2003,  0.000
09:30:02.734 31/01/2003, -0.006
09:30:02.742 31/01/2003, -0.012
09:30:02.750 31/01/2003, -0.024
09:30:02.758 31/01/2003, -0.006
09:30:02.766 31/01/2003,  0.000
09:30:02.773 31/01/2003, -0.018
09:30:02.781 31/01/2003,  0.000
09:30:02.789 31/01/2003, -0.012
09:30:02.797 31/01/2003, -0.018
09:30:02.805 31/01/2003, -0.012
09:30:02.813 31/01/2003, -0.012
09:30:02.820 31/01/2003, -0.012
09:30:02.828 31/01/2003, -0.006
09:30:02.836 31/01/2003,  0.000
09:30:02.844 31/01/2003, -0.006
09:30:02.852 31/01/2003, -0.018
09:30:02.859 31/01/2003,  0.000
09:30:02.867 31/01/2003, -0.018
09:30:02.875 31/01/2003, -0.012
09:30:02.883 31/01/2003,  0.006
09:30:02.891 31/01/2003, -0.012
09:30:02.898 31/01/2003, -0.012
09:30:02.906 31/01/2003, -0.012
09:30:02.914 31/01/2003,  0.000
09:30:02.922 31/01/2003, -0.018
09:30:02.930 31/01/2003, -0.012
09:30:02.938 31/01/2003,  0.018
09:30:02.945 31/01/2003, -0.006
09:30:02.953 31/01/2003, -0.006
09:30:02.961 31/01/2003, -0.006
09:30:02.969 31/01/2003,  0.000
09:30:02.977 31/01/2003, -0.018
09:30:02.984 31/01/2003, -0.012
09:30:02.992 31/01/2003,  0.018
09:30:03.000 31/01/2003, -0.012
09:30:03.008 31/01/2003, -0.006
09:30:03.016 31/01/2003, -0.006
09:30:03.023 31/01/2003, -0.012
09:30:03.031 31/01/2003, -0.018
09:30:03.039 31/01/2003, -0.006
09:30:03.047 31/01/2003,  0.006
09:30:03.055 31/01/2003, -0.012
09:30:03.063 31/01/2003, -0.006
09:30:03.070 31/01/2003,  0.000
09:30:03.078 31/01/2003, -0.012
09:30:03.086 31/01/2003, -0.012
09:30:03.094 31/01/2003, -0.006
09:30:03.102 31/01/2003,  0.000
09:30:03.109 31/01/2003,  0.000
09:30:03.117 31/01/2003,  0.000
09:30:03.125 31/01/2003,  0.000
09:30:03.133 31/01/2003, -0.018
09:30:03.141 31/01/2003,  0.000
09:30:03.148 31/01/2003, -0.006
09:30:03.156 31/01/2003, -0.018
09:30:03.164 31/01/2003,  0.024
09:30:03.172 31/01/2003,  0.000
09:30:03.180 31/01/2003, -0.006
09:30:03.188 31/01/2003, -0.006
09:30:03.195 31/01/2003,  0.012
09:30:03.203 31/01/2003, -0.012
09:30:03.211 31/01/2003, -0.024
09:30:03.219 31/01/2003,  0.018
09:30:03.227 31/01/2003, -0.006
09:30:03.234 31/01/2003, -0.006
09:30:03.242 31/01/2003,  0.006
09:30:03.250 31/01/2003, -0.006
09:30:03.258 31/01/2003, -0.012
09:30:03.266 31/01/2003, -0.012
09:30:03.273 31/01/2003,  0.018
09:30:03.281 31/01/2003, -0.006
09:30:03.289 31/01/2003,  0.000
09:30:03.297 31/01/2003,  0.006
09:30:03.305 31/01/2003, -0.012
09:30:03.313 31/01/2003, -0.006
09:30:03.320 31/01/2003, -0.006
09:30:03.328 31/01/2003, -0.006
09:30:03.336 31/01/2003,  0.006
09:30:03.344 31/01/2003,  0.006
09:30:03.352 31/01/2003,  0.006
09:30:03.359 31/01/2003, -0.018
09:30:03.367 31/01/2003, -0.006
09:30:03.375 31/01/2003,  0.000
09:30:03.383 31/01/2003, -0.018
09:30:03.391 31/01/2003,  0.018
09:30:03.398 31/01/2003,  0.006
09:30:03.406 31/01/2003, -0.006
09:30:03.414 31/01/2003,  0.000
09:30:03.422 31/01/2003,  0.000
09:30:03.430 31/01/2003,  0.000
09:30:03.438 31/01/2003, -0.018
09:30:03.445 31/01/2003,  0.012
09:30:03.453 31/01/2003,  0.006
09:30:03.461 31/01/2003,  0.000
09:30:03.469 31/01/2003,  0.006
09:30:03.477 31/01/2003,  0.000
09:30:03.484 31/01/2003, -0.012
09:30:03.492 31/01/2003, -0.006
09:30:03.500 31/01/2003,  0.000
09:30:03.508 31/01/2003,  0.006
09:30:03.516 31/01/2003,  0.006
09:30:03.523 31/01/2003,  0.006
09:30:03.531 31/01/2003, -0.006
09:30:03.539 31/01/2003,  0.000
09:30:03.547 31/01/2003,  0.006
09:30:03.555 31/01/2003, -0.024
09:30:03.563 31/01/2003,  0.006
09:30:03.570 31/01/2003,  0.018
09:30:03.578 31/01/2003, -0.006
09:30:03.586 31/01/2003,  0.006
09:30:03.594 31/01/2003,  0.000
09:30:03.602 31/01/2003,  0.000
09:30:03.609 31/01/2003, -0.018
09:30:03.617 31/01/2003,  0.000
09:30:03.625 31/01/2003,  0.006
09:30:03.633 31/01/2003,  0.000
09:30:03.641 31/01/2003,  0.000
09:30:03.648 31/01/2003, -0.006
09:30:03.656 31/01/2003, -0.006
09:30:03.664 31/01/2003,  0.006
09:30:03.672 31/01/2003, -0.012
09:30:03.680 31/01/2003, -0.006
09:30:03.688 31/01/2003,  0.018
09:30:03.695 31/01/2003,  0.006
09:30:03.703 31/01/2003,  0.006
09:30:03.711 31/01/2003,  0.000
09:30:03.719 31/01/2003,  0.000
09:30:03.727 31/01/2003, -0.012
09:30:03.734 31/01/2003, -0.012
09:30:03.742 31/01/2003,  0.012
09:30:03.750 31/01/2003,  0.000
09:30:03.758 31/01/2003,  0.000
09:30:03.766 31/01/2003,  0.000
09:30:03.773 31/01/2003, -0.012
09:30:03.781 31/01/2003,  0.000
09:30:03.789 31/01/2003,  0.000
09:30:03.797 31/01/2003, -0.024
09:30:03.805 31/01/2003,  0.012
09:30:03.813 31/01/2003,  0.006
09:30:03.820 31/01/2003,  0.000
09:30:03.828 31/01/2003,  0.006
09:30:03.836 31/01/2003,  0.000
09:30:03.844 31/01/2003, -0.012
09:30:03.852 31/01/2003,  0.000
09:30:03.859 31/01/2003, -0.012
09:30:03.867 31/01/2003,  0.006
09:30:03.875 31/01/2003,  0.012
09:30:03.883 31/01/2003, -0.006
09:30:03.891 31/01/2003,  0.000
09:30:03.898 31/01/2003, -0.006
09:30:03.906 31/01/2003,  0.000
09:30:03.914 31/01/2003, -0.012
09:30:03.922 31/01/2003,  0.006
09:30:03.930 31/01/2003,  0.006
09:30:03.938 31/01/2003,  0.000
09:30:03.945 31/01/2003,  0.006
09:30:03.953 31/01/2003, -0.006
09:30:03.961 31/01/2003, -0.006
09:30:03.969 31/01/2003,  0.006
09:30:03.977 31/01/2003, -0.012
09:30:03.984 31/01/2003, -0.012
09:30:03.992 31/01/2003,  0.024
09:30:04.000 31/01/2003,  0.000
09:30:04.008 31/01/2003,  0.006
09:30:04.016 31/01/2003,  0.006
09:30:04.023 31/01/2003, -0.006
09:30:04.031 31/01/2003,  0.000
09:30:04.039 31/01/2003,  0.000
09:30:04.047 31/01/2003, -0.006
09:30:04.055 31/01/2003,  0.018
09:30:04.063 31/01/2003,  0.006
09:30:04.070 31/01/2003,  0.000
09:30:04.078 31/01/2003,  0.000
09:30:04.086 31/01/2003,  0.000
09:30:04.094 31/01/2003,  0.000
09:30:04.102 31/01/2003, -0.012
09:30:04.109 31/01/2003,  0.012
09:30:04.117 31/01/2003,  0.012
09:30:04.125 31/01/2003,  0.006
09:30:04.133 31/01/2003,  0.006
09:30:04.141 31/01/2003,  0.000
09:30:04.148 31/01/2003, -0.006
09:30:04.156 31/01/2003,  0.006
09:30:04.164 31/01/2003, -0.024
09:30:04.172 31/01/2003, -0.006
09:30:04.180 31/01/2003,  0.012
09:30:04.188 31/01/2003, -0.012
09:30:04.195 31/01/2003,  0.000
09:30:04.203 31/01/2003,  0.006
09:30:04.211 31/01/2003, -0.012
09:30:04.219 31/01/2003,  0.000
09:30:04.227 31/01/2003, -0.006
09:30:04.234 31/01/2003, -0.012
09:30:04.242 31/01/2003,  0.012
09:30:04.250 31/01/2003,  0.000
09:30:04.258 31/01/2003,  0.000
09:30:04.266 31/01/2003,  0.000
09:30:04.273 31/01/2003,  0.000
09:30:04.281 31/01/2003, -0.006
09:30:04.289 31/01/2003, -0.012
09:30:04.297 31/01/2003,  0.012
09:30:04.305 31/01/2003,  0.006
09:30:04.313 31/01/2003,  0.000
09:30:04.320 31/01/2003,  0.006
09:30:04.328 31/01/2003, -0.012
09:30:04.336 31/01/2003, -0.006
09:30:04.344 31/01/2003,  0.000
09:30:04.352 31/01/2003, -0.018
09:30:04.359 31/01/2003,  0.012
09:30:04.367 31/01/2003,  0.012
09:30:04.375 31/01/2003,  0.000
09:30:04.383 31/01/2003,  0.018
09:30:04.391 31/01/2003,  0.000
09:30:04.398 31/01/2003, -0.012
09:30:04.406 31/01/2003,  0.012
09:30:04.414 31/01/2003, -0.018
09:30:04.422 31/01/2003,  0.000
09:30:04.430 31/01/2003,  0.018
09:30:04.438 31/01/2003, -0.012
09:30:04.445 31/01/2003,  0.000
09:30:04.453 31/01/2003,  0.000
09:30:04.461 31/01/2003, -0.006
09:30:04.469 31/01/2003, -0.006
09:30:04.477 31/01/2003,  0.000
09:30:04.484 31/01/2003,  0.000
09:30:04.492 31/01/2003,  0.012
09:30:04.500 31/01/2003,  0.000
09:30:04.508 31/01/2003,  0.000
09:30:04.516 31/01/2003,  0.000
09:30:04.523 31/01/2003,  0.006
09:30:04.531 31/01/2003, -0.006
09:30:04.539 31/01/2003, -0.012
09:30:04.547 31/01/2003,  0.012
09:30:04.555 31/01/2003,  0.006
09:30:04.563 31/01/2003,  0.000
09:30:04.570 31/01/2003,  0.006
09:30:04.578 31/01/2003, -0.006
09:30:04.586 31/01/2003,  0.000
09:30:04.594 31/01/2003,  0.006
09:30:04.602 31/01/2003, -0.018
09:30:04.609 31/01/2003,  0.012
09:30:04.617 31/01/2003,  0.012
09:30:04.625 31/01/2003, -0.006
09:30:04.633 31/01/2003,  0.012
09:30:04.641 31/01/2003,  0.000
09:30:04.648 31/01/2003, -0.006
09:30:04.656 31/01/2003,  0.012
09:30:04.664 31/01/2003, -0.012
09:30:04.672 31/01/2003,  0.000
09:30:04.680 31/01/2003,  0.018
09:30:04.688 31/01/2003,  0.000
09:30:04.695 31/01/2003,  0.006
09:30:04.703 31/01/2003,  0.006
09:30:04.711 31/01/2003,  0.006
09:30:04.719 31/01/2003, -0.012
09:30:04.727 31/01/2003,  0.000
09:30:04.734 31/01/2003,  0.000
09:30:04.742 31/01/2003,  0.006
09:30:04.750 31/01/2003,  0.012
09:30:04.758 31/01/2003,  0.006
09:30:04.766 31/01/2003,  0.000
09:30:04.773 31/01/2003,  0.006
09:30:04.781 31/01/2003, -0.006
09:30:04.789 31/01/2003, -0.012
09:30:04.797 31/01/2003,  0.006
09:30:04.805 31/01/2003,  0.012
09:30:04.813 31/01/2003,  0.000
09:30:04.820 31/01/2003,  0.012
09:30:04.828 31/01/2003, -0.018
09:30:04.836 31/01/2003, -0.006
09:30:04.844 31/01/2003,  0.006
09:30:04.852 31/01/2003, -0.024
09:30:04.859 31/01/2003,  0.000
09:30:04.867 31/01/2003,  0.006
09:30:04.875 31/01/2003, -0.006
09:30:04.883 31/01/2003,  0.006
09:30:04.891 31/01/2003, -0.006
09:30:04.898 31/01/2003, -0.006
09:30:04.906 31/01/2003,  0.006
09:30:04.914 31/01/2003, -0.018
09:30:04.922 31/01/2003, -0.006
09:30:04.930 31/01/2003,  0.012
09:30:04.938 31/01/2003,  0.000
09:30:04.945 31/01/2003,  0.000
09:30:04.953 31/01/2003,  0.000
09:30:04.961 31/01/2003,  0.000
09:30:04.969 31/01/2003, -0.012
09:30:04.977 31/01/2003,  0.000
09:30:04.984 31/01/2003,  0.000
09:30:04.992 31/01/2003,  0.006
09:30:05.000 31/01/2003,  0.012
09:30:05.008 31/01/2003,  0.006
09:30:05.016 31/01/2003,  0.000
09:30:05.023 31/01/2003,  0.000
09:30:05.031 31/01/2003,  0.000
09:30:05.039 31/01/2003, -0.018
09:30:05.047 31/01/2003,  0.012
09:30:05.055 31/01/2003,  0.006
09:30:05.063 31/01/2003,  0.000
09:30:05.070 31/01/2003,  0.006
09:30:05.078 31/01/2003, -0.006
09:30:05.086 31/01/2003,  0.000
09:30:05.094 31/01/2003,  0.006
09:30:05.102 31/01/2003, -0.018
09:30:05.109 31/01/2003,  0.012
09:30:05.117 31/01/2003,  0.006
09:30:05.125 31/01/2003, -0.006
09:30:05.133 31/01/2003,  0.006
09:30:05.141 31/01/2003,  0.000
09:30:05.148 31/01/2003, -0.012
09:30:05.156 31/01/2003,  0.000
09:30:05.164 31/01/2003, -0.012
09:30:05.172 31/01/2003,  0.000
09:30:05.180 31/01/2003,  0.018
09:30:05.188 31/01/2003,  0.000
09:30:05.195 31/01/2003,  0.006
09:30:05.203 31/01/2003,  0.006
09:30:05.211 31/01/2003, -0.006
09:30:05.219 31/01/2003,  0.000
09:30:05.227 31/01/2003,  0.000
09:30:05.234 31/01/2003,  0.006
09:30:05.242 31/01/2003,  0.012
09:30:05.250 31/01/2003,  0.012
09:30:05.258 31/01/2003,  0.006
09:30:05.266 31/01/2003,  0.000
09:30:05.273 31/01/2003,  0.000
09:30:05.281 31/01/2003,  0.000
09:30:05.289 31/01/2003, -0.012
09:30:05.297 31/01/2003,  0.012
09:30:05.305 31/01/2003,  0.012
09:30:05.313 31/01/2003,  0.006
09:30:05.320 31/01/2003,  0.006
09:30:05.328 31/01/2003, -0.006
09:30:05.336 31/01/2003,  0.000
09:30:05.344 31/01/2003,  0.012
09:30:05.352 31/01/2003, -0.024
09:30:05.359 31/01/2003,  0.006
09:30:05.367 31/01/2003,  0.012
09:30:05.375 31/01/2003, -0.006
09:30:05.383 31/01/2003,  0.006
09:30:05.391 31/01/2003, -0.006
09:30:05.398 31/01/2003, -0.006
09:30:05.406 31/01/2003,  0.006
09:30:05.414 31/01/2003, -0.012
09:30:05.422 31/01/2003, -0.006
09:30:05.430 31/01/2003,  0.018
09:30:05.438 31/01/2003,  0.000
09:30:05.445 31/01/2003,  0.000
09:30:05.453 31/01/2003,  0.000
09:30:05.461 31/01/2003,  0.000
09:30:05.469 31/01/2003, -0.012
09:30:05.477 31/01/2003, -0.006
09:30:05.484 31/01/2003, -0.006
09:30:05.492 31/01/2003,  0.012
09:30:05.500 31/01/2003,  0.006
09:30:05.508 31/01/2003,  0.000
09:30:05.516 31/01/2003,  0.006
09:30:05.523 31/01/2003,  0.000
09:30:05.531 31/01/2003,  0.000
09:30:05.539 31/01/2003, -0.006
09:30:05.547 31/01/2003,  0.006
09:30:05.555 31/01/2003,  0.006
09:30:05.563 31/01/2003,  0.012
09:30:05.570 31/01/2003,  0.006
09:30:05.578 31/01/2003,  0.000
09:30:05.586 31/01/2003,  0.000
09:30:05.594 31/01/2003,  0.006
09:30:05.602 31/01/2003, -0.018
09:30:05.609 31/01/2003,  0.006
09:30:05.617 31/01/2003,  0.012
09:30:05.625 31/01/2003, -0.006
09:30:05.633 31/01/2003,  0.006
09:30:05.641 31/01/2003,  0.000
09:30:05.648 31/01/2003, -0.012
09:30:05.656 31/01/2003,  0.006
09:30:05.664 31/01/2003, -0.012
09:30:05.672 31/01/2003, -0.012
09:30:05.680 31/01/2003,  0.018
09:30:05.688 31/01/2003,  0.000
09:30:05.695 31/01/2003,  0.006
09:30:05.703 31/01/2003,  0.006
09:30:05.711 31/01/2003, -0.006
09:30:05.719 31/01/2003,  0.000
09:30:05.727 31/01/2003, -0.012
09:30:05.734 31/01/2003, -0.006
09:30:05.742 31/01/2003,  0.006
09:30:05.750 31/01/2003,  0.012
09:30:05.758 31/01/2003,  0.006
09:30:05.766 31/01/2003,  0.006
09:30:05.773 31/01/2003,  0.006
09:30:05.781 31/01/2003, -0.006
09:30:05.789 31/01/2003, -0.012
09:30:05.797 31/01/2003,  0.000
09:30:05.805 31/01/2003,  0.000
09:30:05.813 31/01/2003,  0.006
09:30:05.820 31/01/2003,  0.006
09:30:05.828 31/01/2003,  0.000
09:30:05.836 31/01/2003, -0.006
09:30:05.844 31/01/2003,  0.012
09:30:05.852 31/01/2003, -0.018
09:30:05.859 31/01/2003,  0.000
09:30:05.867 31/01/2003,  0.006
09:30:05.875 31/01/2003, -0.006
09:30:05.883 31/01/2003,  0.006
09:30:05.891 31/01/2003,  0.000
09:30:05.898 31/01/2003, -0.006
09:30:05.906 31/01/2003,  0.006
09:30:05.914 31/01/2003,  0.000
09:30:05.922 31/01/2003, -0.018
09:30:05.930 31/01/2003,  0.024
09:30:05.938 31/01/2003,  0.000
09:30:05.945 31/01/2003,  0.006
09:30:05.953 31/01/2003,  0.006
09:30:05.961 31/01/2003, -0.006
09:30:05.969 31/01/2003,  0.000
09:30:05.977 31/01/2003,  0.000
09:30:05.984 31/01/2003, -0.012
09:30:05.992 31/01/2003,  0.006
09:30:06.000 31/01/2003,  0.006
09:30:06.008 31/01/2003,  0.000
09:30:06.016 31/01/2003,  0.006
09:30:06.023 31/01/2003,  0.000
09:30:06.031 31/01/2003,  0.000
09:30:06.039 31/01/2003, -0.012
09:30:06.047 31/01/2003, -0.006
09:30:06.055 31/01/2003, -0.006
09:30:06.063 31/01/2003,  0.012
09:30:06.070 31/01/2003,  0.000
09:30:06.078 31/01/2003,  0.000
09:30:06.086 31/01/2003,  0.000
09:30:06.094 31/01/2003,  0.006
09:30:06.102 31/01/2003, -0.012
09:30:06.109 31/01/2003, -0.006
09:30:06.117 31/01/2003,  0.006
09:30:06.125 31/01/2003, -0.006
09:30:06.133 31/01/2003,  0.006
09:30:06.141 31/01/2003,  0.006
09:30:06.148 31/01/2003, -0.012
09:30:06.156 31/01/2003,  0.000
09:30:06.164 31/01/2003, -0.006
09:30:06.172 31/01/2003, -0.024
09:30:06.180 31/01/2003,  0.024
09:30:06.188 31/01/2003,  0.006
09:30:06.195 31/01/2003,  0.000
09:30:06.203 31/01/2003,  0.006
09:30:06.211 31/01/2003, -0.006
09:30:06.219 31/01/2003, -0.006
09:30:06.227 31/01/2003,  0.000
09:30:06.234 31/01/2003, -0.018
09:30:06.242 31/01/2003,  0.006
09:30:06.250 31/01/2003,  0.012
09:30:06.258 31/01/2003, -0.006
09:30:06.266 31/01/2003,  0.006
09:30:06.273 31/01/2003,  0.000
09:30:06.281 31/01/2003,  0.000
09:30:06.289 31/01/2003, -0.012
09:30:06.297 31/01/2003, -0.006
09:30:06.305 31/01/2003, -0.006
09:30:06.313 31/01/2003,  0.012
09:30:06.320 31/01/2003,  0.000
09:30:06.328 31/01/2003, -0.006
09:30:06.336 31/01/2003, -0.006
09:30:06.344 31/01/2003,  0.000
09:30:06.352 31/01/2003, -0.012
09:30:06.359 31/01/2003, -0.018
09:30:06.367 31/01/2003,  0.012
09:30:06.375 31/01/2003, -0.006
09:30:06.383 31/01/2003,  0.000
09:30:06.391 31/01/2003,  0.000
09:30:06.398 31/01/2003, -0.012
09:30:06.406 31/01/2003, -0.006
09:30:06.414 31/01/2003, -0.006
09:30:06.422 31/01/2003, -0.024
09:30:06.430 31/01/2003,  0.006
09:30:06.438 31/01/2003, -0.006
09:30:06.445 31/01/2003, -0.018
09:30:06.453 31/01/2003,  0.000
09:30:06.461 31/01/2003, -0.018
09:30:06.469 31/01/2003, -0.018
09:30:06.477 31/01/2003, -0.012
09:30:06.484 31/01/2003, -0.024
09:30:06.492 31/01/2003, -0.006
09:30:06.500 31/01/2003,  0.000
09:30:06.508 31/01/2003, -0.024
09:30:06.516 31/01/2003, -0.006
09:30:06.523 31/01/2003, -0.012
09:30:06.531 31/01/2003, -0.012
09:30:06.539 31/01/2003, -0.018
09:30:06.547 31/01/2003, -0.018
09:30:06.555 31/01/2003, -0.012
09:30:06.563 31/01/2003, -0.006
09:30:06.570 31/01/2003, -0.006
09:30:06.578 31/01/2003, -0.012
09:30:06.586 31/01/2003, -0.018
09:30:06.594 31/01/2003, -0.012
09:30:06.602 31/01/2003, -0.018
09:30:06.609 31/01/2003, -0.024
09:30:06.617 31/01/2003,  0.012
09:30:06.625 31/01/2003, -0.012
09:30:06.633 31/01/2003, -0.018
09:30:06.641 31/01/2003, -0.006
09:30:06.648 31/01/2003, -0.024
09:30:06.656 31/01/2003, -0.012
09:30:06.664 31/01/2003, -0.018
09:30:06.672 31/01/2003, -0.030
09:30:06.680 31/01/2003,  0.000
09:30:06.688 31/01/2003, -0.018
09:30:06.695 31/01/2003, -0.018
09:30:06.703 31/01/2003, -0.012
09:30:06.711 31/01/2003, -0.018
09:30:06.719 31/01/2003, -0.024
09:30:06.727 31/01/2003, -0.018
09:30:06.734 31/01/2003, -0.012
09:30:06.742 31/01/2003, -0.012
09:30:06.750 31/01/2003, -0.012
09:30:06.758 31/01/2003, -0.012
09:30:06.766 31/01/2003, -0.018
09:30:06.773 31/01/2003, -0.018
09:30:06.781 31/01/2003, -0.012
09:30:06.789 31/01/2003, -0.030
09:30:06.797 31/01/2003, -0.018
09:30:06.805 31/01/2003, -0.006
09:30:06.813 31/01/2003, -0.024
09:30:06.820 31/01/2003, -0.012
09:30:06.828 31/01/2003, -0.012
09:30:06.836 31/01/2003, -0.024
09:30:06.844 31/01/2003, -0.012
09:30:06.852 31/01/2003, -0.024
09:30:06.859 31/01/2003, -0.018
09:30:06.867 31/01/2003, -0.012
09:30:06.875 31/01/2003, -0.012
09:30:06.883 31/01/2003, -0.018
09:30:06.891 31/01/2003, -0.024
09:30:06.898 31/01/2003, -0.012
09:30:06.906 31/01/2003, -0.024
09:30:06.914 31/01/2003, -0.024
09:30:06.922 31/01/2003, -0.006
09:30:06.930 31/01/2003, -0.018
09:30:06.938 31/01/2003, -0.018
09:30:06.945 31/01/2003, -0.006
09:30:06.953 31/01/2003, -0.030
09:30:06.961 31/01/2003, -0.024
09:30:06.969 31/01/2003, -0.024
09:30:06.977 31/01/2003, -0.030
09:30:06.984 31/01/2003, -0.012
09:30:06.992 31/01/2003, -0.012
09:30:07.000 31/01/2003, -0.030
09:30:07.008 31/01/2003, -0.024
09:30:07.016 31/01/2003, -0.024
09:30:07.023 31/01/2003, -0.024
09:30:07.031 31/01/2003, -0.030
09:30:07.039 31/01/2003, -0.018
09:30:07.047 31/01/2003, -0.012
09:30:07.055 31/01/2003, -0.024
09:30:07.063 31/01/2003, -0.012
09:30:07.070 31/01/2003, -0.024
09:30:07.078 31/01/2003, -0.024
09:30:07.086 31/01/2003, -0.012
09:30:07.094 31/01/2003, -0.036
09:30:07.102 31/01/2003, -0.024
09:30:07.109 31/01/2003, -0.006
09:30:07.117 31/01/2003, -0.024
09:30:07.125 31/01/2003, -0.012
09:30:07.133 31/01/2003, -0.018
09:30:07.141 31/01/2003, -0.012
09:30:07.148 31/01/2003, -0.036
09:30:07.156 31/01/2003, -0.018
09:30:07.164 31/01/2003, -0.012
09:30:07.172 31/01/2003, -0.018
09:30:07.180 31/01/2003, -0.012
09:30:07.188 31/01/2003, -0.018
09:30:07.195 31/01/2003, -0.030
09:30:07.203 31/01/2003, -0.012
09:30:07.211 31/01/2003, -0.024
09:30:07.219 31/01/2003, -0.024
09:30:07.227 31/01/2003, -0.006
09:30:07.234 31/01/2003, -0.018
09:30:07.242 31/01/2003, -0.018
09:30:07.250 31/01/2003, -0.012
09:30:07.258 31/01/2003, -0.018
09:30:07.266 31/01/2003, -0.024
09:30:07.273 31/01/2003, -0.024
09:30:07.281 31/01/2003, -0.012
09:30:07.289 31/01/2003, -0.018
09:30:07.297 31/01/2003, -0.018
09:30:07.305 31/01/2003, -0.012
09:30:07.313 31/01/2003, -0.030
09:30:07.320 31/01/2003, -0.012
09:30:07.328 31/01/2003, -0.012
09:30:07.336 31/01/2003, -0.036
09:30:07.344 31/01/2003, -0.006
09:30:07.352 31/01/2003, -0.018
09:30:07.359 31/01/2003, -0.018
09:30:07.367 31/01/2003, -0.012
09:30:07.375 31/01/2003, -0.018
09:30:07.383 31/01/2003, -0.018
09:30:07.391 31/01/2003, -0.024
09:30:07.398 31/01/2003, -0.012
09:30:07.406 31/01/2003, -0.018
09:30:07.414 31/01/2003, -0.024
09:30:07.422 31/01/2003, -0.006
09:30:07.430 31/01/2003, -0.018
09:30:07.438 31/01/2003, -0.018
09:30:07.445 31/01/2003, -0.012
09:30:07.453 31/01/2003, -0.036
09:30:07.461 31/01/2003, -0.018
09:30:07.469 31/01/2003, -0.006
09:30:07.477 31/01/2003, -0.024
09:30:07.484 31/01/2003, -0.018
09:30:07.492 31/01/2003, -0.012
09:30:07.500 31/01/2003, -0.018
09:30:07.508 31/01/2003, -0.030
09:30:07.516 31/01/2003, -0.024
09:30:07.523 31/01/2003, -0.006
09:30:07.531 31/01/2003, -0.024
09:30:07.539 31/01/2003, -0.006
09:30:07.547 31/01/2003, -0.012
09:30:07.555 31/01/2003, -0.024
09:30:07.563 31/01/2003, -0.012
09:30:07.570 31/01/2003, -0.024
09:30:07.578 31/01/2003, -0.024
09:30:07.586 31/01/2003,  0.000
09:30:07.594 31/01/2003, -0.018
09:30:07.602 31/01/2003, -0.018
09:30:07.609 31/01/2003, -0.018
09:30:07.617 31/01/2003, -0.012
09:30:07.625 31/01/2003, -0.024
09:30:07.633 31/01/2003, -0.024
09:30:07.641 31/01/2003,  0.000
09:30:07.648 31/01/2003, -0.018
09:30:07.656 31/01/2003, -0.018
09:30:07.664 31/01/2003, -0.006
09:30:07.672 31/01/2003, -0.024
09:30:07.680 31/01/2003, -0.018
09:30:07.688 31/01/2003, -0.018
09:30:07.695 31/01/2003, -0.024
09:30:07.703 31/01/2003, -0.006
09:30:07.711 31/01/2003, -0.006
09:30:07.719 31/01/2003, -0.012
09:30:07.727 31/01/2003, -0.018
09:30:07.734 31/01/2003, -0.012
09:30:07.742 31/01/2003, -0.018
09:30:07.750 31/01/2003, -0.030
09:30:07.758 31/01/2003,  0.006
09:30:07.766 31/01/2003, -0.006
09:30:07.773 31/01/2003, -0.018
09:30:07.781 31/01/2003,  0.000
09:30:07.789 31/01/2003, -0.012
09:30:07.797 31/01/2003, -0.012
09:30:07.805 31/01/2003, -0.012
09:30:07.813 31/01/2003, -0.018
09:30:07.820 31/01/2003, -0.012
09:30:07.828 31/01/2003, -0.006
09:30:07.836 31/01/2003, -0.012
09:30:07.844 31/01/2003, -0.018
09:30:07.852 31/01/2003, -0.012
09:30:07.859 31/01/2003, -0.012
09:30:07.867 31/01/2003, -0.036
09:30:07.875 31/01/2003,  0.000
09:30:07.883 31/01/2003,  0.000
09:30:07.891 31/01/2003, -0.024
09:30:07.898 31/01/2003, -0.006
09:30:07.906 31/01/2003, -0.018
09:30:07.914 31/01/2003, -0.018
09:30:07.922 31/01/2003, -0.018
09:30:07.930 31/01/2003, -0.024
09:30:07.938 31/01/2003, -0.012
09:30:07.945 31/01/2003,  0.000
09:30:07.953 31/01/2003, -0.012
09:30:07.961 31/01/2003, -0.012
09:30:07.969 31/01/2003, -0.018
09:30:07.977 31/01/2003, -0.006
09:30:07.984 31/01/2003, -0.024
09:30:07.992 31/01/2003, -0.018
09:30:08.000 31/01/2003,  0.012
09:30:08.008 31/01/2003, -0.018
09:30:08.016 31/01/2003, -0.012
09:30:08.023 31/01/2003, -0.006
09:30:08.031 31/01/2003, -0.024
09:30:08.039 31/01/2003, -0.006
09:30:08.047 31/01/2003, -0.012
09:30:08.055 31/01/2003, -0.030
09:30:08.063 31/01/2003,  0.012
09:30:08.070 31/01/2003, -0.006
09:30:08.078 31/01/2003, -0.012
09:30:08.086 31/01/2003, -0.006
09:30:08.094 31/01/2003, -0.006
09:30:08.102 31/01/2003, -0.018
09:30:08.109 31/01/2003, -0.018
09:30:08.117 31/01/2003,  0.000
09:30:08.125 31/01/2003, -0.006
09:30:08.133 31/01/2003, -0.006
09:30:08.141 31/01/2003, -0.006
09:30:08.148 31/01/2003, -0.012
09:30:08.156 31/01/2003, -0.012
09:30:08.164 31/01/2003, -0.006
09:30:08.172 31/01/2003, -0.030
09:30:08.180 31/01/2003, -0.006
09:30:08.188 31/01/2003,  0.006
09:30:08.195 31/01/2003, -0.018
09:30:08.203 31/01/2003, -0.006
09:30:08.211 31/01/2003, -0.006
09:30:08.219 31/01/2003, -0.018
09:30:08.227 31/01/2003, -0.006
09:30:08.234 31/01/2003, -0.024
09:30:08.242 31/01/2003, -0.018
09:30:08.250 31/01/2003,  0.012
09:30:08.258 31/01/2003, -0.012
09:30:08.266 31/01/2003, -0.012
09:30:08.273 31/01/2003, -0.006
09:30:08.281 31/01/2003, -0.018
09:30:08.289 31/01/2003, -0.012
09:30:08.297 31/01/2003, -0.006
09:30:08.305 31/01/2003, -0.024
09:30:08.313 31/01/2003,  0.012
09:30:08.320 31/01/2003, -0.006
09:30:08.328 31/01/2003, -0.012
09:30:08.336 31/01/2003,  0.000
09:30:08.344 31/01/2003, -0.012
09:30:08.352 31/01/2003, -0.018
09:30:08.359 31/01/2003, -0.018
09:30:08.367 31/01/2003, -0.006
09:30:08.375 31/01/2003,  0.000
09:30:08.383 31/01/2003,  0.000
09:30:08.391 31/01/2003, -0.006
09:30:08.398 31/01/2003, -0.012
09:30:08.406 31/01/2003, -0.006
09:30:08.414 31/01/2003,  0.000
09:30:08.422 31/01/2003, -0.024
09:30:08.430 31/01/2003, -0.006
09:30:08.438 31/01/2003,  0.000
09:30:08.445 31/01/2003, -0.006
09:30:08.453 31/01/2003,  0.000
09:30:08.461 31/01/2003, -0.006
09:30:08.469 31/01/2003, -0.018
09:30:08.477 31/01/2003,  0.000
09:30:08.484 31/01/2003, -0.012
09:30:08.492 31/01/2003, -0.012
09:30:08.500 31/01/2003,  0.012
09:30:08.508 31/01/2003, -0.006
09:30:08.516 31/01/2003, -0.006
09:30:08.523 31/01/2003,  0.000
09:30:08.531 31/01/2003, -0.012
09:30:08.539 31/01/2003, -0.006
09:30:08.547 31/01/2003, -0.006
09:30:08.555 31/01/2003, -0.024
09:30:08.563 31/01/2003,  0.012
09:30:08.570 31/01/2003,  0.000
09:30:08.578 31/01/2003, -0.006
09:30:08.586 31/01/2003,  0.006
09:30:08.594 31/01/2003, -0.006
09:30:08.602 31/01/2003, -0.012
09:30:08.609 31/01/2003,  0.006
09:30:08.617 31/01/2003, -0.012
09:30:08.625 31/01/2003,  0.000
09:30:08.633 31/01/2003,  0.012
09:30:08.641 31/01/2003, -0.012
09:30:08.648 31/01/2003,  0.000
09:30:08.656 31/01/2003,  0.000
09:30:08.664 31/01/2003, -0.018
09:30:08.672 31/01/2003,  0.000
09:30:08.680 31/01/2003, -0.006
09:30:08.688 31/01/2003, -0.012
09:30:08.695 31/01/2003,  0.012
09:30:08.703 31/01/2003,  0.000
09:30:08.711 31/01/2003, -0.012
09:30:08.719 31/01/2003,  0.000
09:30:08.727 31/01/2003, -0.006
09:30:08.734 31/01/2003, -0.012
09:30:08.742 31/01/2003, -0.006
09:30:08.750 31/01/2003,  0.000
09:30:08.758 31/01/2003,  0.006
09:30:08.766 31/01/2003,  0.000
09:30:08.773 31/01/2003, -0.006
09:30:08.781 31/01/2003,  0.000
09:30:08.789 31/01/2003, -0.006
09:30:08.797 31/01/2003, -0.006
09:30:08.805 31/01/2003, -0.012
09:30:08.813 31/01/2003,  0.006
09:30:08.820 31/01/2003,  0.006
09:30:08.828 31/01/2003,  0.006
09:30:08.836 31/01/2003,  0.000
09:30:08.844 31/01/2003, -0.006
09:30:08.852 31/01/2003, -0.006
09:30:08.859 31/01/2003,  0.006
09:30:08.867 31/01/2003, -0.018
09:30:08.875 31/01/2003,  0.000
09:30:08.883 31/01/2003,  0.006
09:30:08.891 31/01/2003,  0.000
09:30:08.898 31/01/2003,  0.000
09:30:08.906 31/01/2003,  0.000
09:30:08.914 31/01/2003, -0.012
09:30:08.922 31/01/2003,  0.000
09:30:08.930 31/01/2003, -0.006
09:30:08.938 31/01/2003, -0.012
09:30:08.945 31/01/2003,  0.006
09:30:08.953 31/01/2003,  0.000
09:30:08.961 31/01/2003,  0.000
09:30:08.969 31/01/2003,  0.006
09:30:08.977 31/01/2003, -0.012
09:30:08.984 31/01/2003,  0.000
09:30:08.992 31/01/2003,  0.000
09:30:09.000 31/01/2003, -0.024
09:30:09.008 31/01/2003,  0.000
09:30:09.016 31/01/2003,  0.006
09:30:09.023 31/01/2003, -0.006
09:30:09.031 31/01/2003,  0.000
09:30:09.039 31/01/2003, -0.006
09:30:09.047 31/01/2003, -0.012
09:30:09.055 31/01/2003,  0.000
09:30:09.063 31/01/2003, -0.018
09:30:09.070 31/01/2003, -0.006
09:30:09.078 31/01/2003,  0.006
09:30:09.086 31/01/2003, -0.006
09:30:09.094 31/01/2003,  0.000
09:30:09.102 31/01/2003,  0.000
09:30:09.109 31/01/2003, -0.018
09:30:09.117 31/01/2003,  0.000
09:30:09.125 31/01/2003, -0.006
09:30:09.133 31/01/2003, -0.024
09:30:09.141 31/01/2003,  0.012
09:30:09.148 31/01/2003,  0.000
09:30:09.156 31/01/2003, -0.006
09:30:09.164 31/01/2003,  0.006
09:30:09.172 31/01/2003, -0.012
09:30:09.180 31/01/2003,  0.000
09:30:09.188 31/01/2003,  0.000
09:30:09.195 31/01/2003, -0.024
09:30:09.203 31/01/2003,  0.006
09:30:09.211 31/01/2003,  0.006
09:30:09.219 31/01/2003, -0.006
09:30:09.227 31/01/2003,  0.006
09:30:09.234 31/01/2003, -0.006
09:30:09.242 31/01/2003, -0.006
09:30:09.250 31/01/2003,  0.006
09:30:09.258 31/01/2003, -0.012
09:30:09.266 31/01/2003, -0.006
09:30:09.273 31/01/2003,  0.018
09:30:09.281 31/01/2003,  0.000
09:30:09.289 31/01/2003,  0.000
09:30:09.297 31/01/2003,  0.006
09:30:09.305 31/01/2003, -0.012
09:30:09.313 31/01/2003, -0.006
09:30:09.320 31/01/2003,  0.000
09:30:09.328 31/01/2003, -0.018
09:30:09.336 31/01/2003,  0.018
09:30:09.344 31/01/2003,  0.006
09:30:09.352 31/01/2003, -0.006
09:30:09.359 31/01/2003,  0.012
09:30:09.367 31/01/2003, -0.006
09:30:09.375 31/01/2003, -0.006
09:30:09.383 31/01/2003,  0.006
09:30:09.391 31/01/2003, -0.024
09:30:09.398 31/01/2003,  0.006
09:30:09.406 31/01/2003,  0.012
09:30:09.414 31/01/2003, -0.006
09:30:09.422 31/01/2003,  0.006
09:30:09.430 31/01/2003, -0.006
09:30:09.438 31/01/2003, -0.006
09:30:09.445 31/01/2003,  0.006
09:30:09.453 31/01/2003, -0.012
09:30:09.461 31/01/2003, -0.012
09:30:09.469 31/01/2003,  0.024
09:30:09.477 31/01/2003,  0.000
09:30:09.484 31/01/2003,  0.000
09:30:09.492 31/01/2003,  0.000
09:30:09.500 31/01/2003, -0.006
09:30:09.508 31/01/2003,  0.000
09:30:09.516 31/01/2003,  0.000
09:30:09.523 31/01/2003, -0.018
09:30:09.531 31/01/2003,  0.018
09:30:09.539 31/01/2003,  0.012
09:30:09.547 31/01/2003,  0.000
09:30:09.555 31/01/2003,  0.006
09:30:09.563 31/01/2003,  0.000
09:30:09.570 31/01/2003, -0.012
09:30:09.578 31/01/2003,  0.000
09:30:09.586 31/01/2003, -0.018
09:30:09.594 31/01/2003,  0.006
09:30:09.602 31/01/2003,  0.012
09:30:09.609 31/01/2003, -0.006
09:30:09.617 31/01/2003,  0.006
09:30:09.625 31/01/2003,  0.006
09:30:09.633 31/01/2003, -0.012
09:30:09.641 31/01/2003,  0.000
09:30:09.648 31/01/2003, -0.012
09:30:09.656 31/01/2003, -0.012
09:30:09.664 31/01/2003,  0.024
09:30:09.672 31/01/2003,  0.000
09:30:09.680 31/01/2003,  0.000
09:30:09.688 31/01/2003,  0.006
09:30:09.695 31/01/2003, -0.012
09:30:09.703 31/01/2003, -0.006
09:30:09.711 31/01/2003,  0.000
09:30:09.719 31/01/2003, -0.012
09:30:09.727 31/01/2003,  0.012
09:30:09.734 31/01/2003,  0.006
09:30:09.742 31/01/2003,  0.000
09:30:09.750 31/01/2003,  0.006
09:30:09.758 31/01/2003,  0.000
09:30:09.766 31/01/2003, -0.006
09:30:09.773 31/01/2003,  0.006
09:30:09.781 31/01/2003, -0.012
09:30:09.789 31/01/2003,  0.006
09:30:09.797 31/01/2003,  0.018
09:30:09.805 31/01/2003, -0.006
09:30:09.813 31/01/2003,  0.000
09:30:09.820 31/01/2003,  0.000
09:30:09.828 31/01/2003, -0.006
09:30:09.836 31/01/2003, -0.006
09:30:09.844 31/01/2003,  0.000
09:30:09.852 31/01/2003, -0.006
09:30:09.859 31/01/2003,  0.024
09:30:09.867 31/01/2003,  0.006
09:30:09.875 31/01/2003,  0.000
09:30:09.883 31/01/2003,  0.006
09:30:09.891 31/01/2003,  0.000
09:30:09.898 31/01/2003, -0.006
09:30:09.906 31/01/2003, -0.006
09:30:09.914 31/01/2003, -0.012
09:30:09.922 31/01/2003,  0.006
09:30:09.930 31/01/2003,  0.012
09:30:09.938 31/01/2003, -0.012
09:30:09.945 31/01/2003,  0.000
09:30:09.953 31/01/2003, -0.006
09:30:09.961 31/01/2003, -0.006
09:30:09.969 31/01/2003, -0.006
09:30:09.977 31/01/2003, -0.006
09:30:09.984 31/01/2003,  0.000
09:30:09.992 31/01/2003,  0.012
